Workbook

Sheet Cards
A3: Row Labels | B3: Total Students
A4: Absent | B4: 398
A5: Late | B5: 367
A6: Leave | B6: 140
A7: Present | B7: 4095
A8: Grand Total | B8: 5000

Sheet Sheet2
A3: Row Labels | B3: Count of Student_ID
A4: High | B4: 758
A5: Junior | B5: 1765
A6: Kindergarten | B6: 1019
A7: Middle | B7: 1458
A8: Grand Total | B8: 5000

Sheet Attendance By Depart
A3: Count of Student_ID | B3: Column Labels
A4: Row Labels | B4: Absent | C4: Late | D4: Leave | E4: Present | F4: Grand Total
A5: High | B5: 0.0118 | C5: 0.0112 | D5: 0.0046 | E5: 0.124 | F5: 0.1516
A6: Junior | B6: 0.0276 | C6: 0.0254 | D6: 0.0104 | E6: 0.2896 | F6: 0.353
A7: Kindergarten | B7: 0.016 | C7: 0.0162 | D7: 0.0066 | E7: 0.165 | F7: 0.2038
A8: Middle | B8: 0.0242 | C8: 0.0206 | D8: 0.0064 | E8: 0.2404 | F8: 0.2916
A9: Grand Total | B9: 0.0796 | C9: 0.0734 | D9: 0.028 | E9: 0.819 | F9: 1

Sheet Sheet3
A1: Attendance_ID | B1: Attendance_Date | C1: Department | D1: Grade | E1: Section | F1: Student_Name | G1: Gender | H1: Student_ID | I1: Attendance_Status | J1: Check_In_Time | K1: Attendance_Percentage | L1: Teacher_Name | M1: Remarks
A2: 4682 | B2: 45658 | C2: Junior | D2: G9 | E2: C | F2: Erin Mitchell | G2: Male | H2: J4682 | I2: Absent | J2: 0.32291667 | K2: 98 | L2: Bradley Weaver | M2: Sick
A3: 4454 | B3: 45658 | C3: Middle | D3: G1 | E3: B | F3: Tonya Beck | G3: Female | H3: M4454 | I3: Absent | J3: 0.32291667 | K3: 65 | L3: Nicole Harrison | M3: Vacation
A4: 3723 | B4: 45658 | C4: Junior | D4: KG1 | E4: C | F4: Kelly Oneill | G4: Male | H4: J3723 | I4: Absent | J4: 0.32291667 | K4: 81 | L4: Erika Fischer | M4: Vacation
A5: 1634 | B5: 45658 | C5: Middle | D5: KG2 | E5: C | F5: Samantha Fields | G5: Female | H5: M1634 | I5: Absent | J5: 0.32291667 | K5: 71 | L5: Emily Palmer | M5: Medical Appointment
A6: 1604 | B6: 45658 | C6: Middle | D6: KG1 | E6: A | F6: Nina Stone | G6: Male | H6: M1604 | I6: Absent | J6: 0.32291667 | K6: 61 | L6: Susan Marquez | M6: Medical Appointment

Sheet Sheet1
A1: Department | B1: (All)
A3: Count of Department | B3: Column Labels
A4: Row Labels | B4: Absent | C4: Late | D4: Leave | E4: Present | F4: Grand Total
A5: 45658 | B5: 5 | C5: 6 | D5: 1 | E5: 35 | F5: 47
A6: 45659 | B6: 8 | C6: 2 | D6: 2 | E6: 53 | F6: 65
A7: 45660 | B7: 5 | C7: 3 | D7: 2 | E7: 52 | F7: 62
A8: 45661 | B8: 3 | C8: 5 | D8: 2 | E8: 34 | F8: 44
A9: 45662 | B9: 4 | C9: 4 | D9: 2 | E9: 52 | F9: 62
A10: Grand Total | B10: 25 | C10: 20 | D10: 9 | E10: 226 | F10: 280

Sheet Attendance by teacher
A3: Row Labels | B3: Average of Attendance_Percentage
A4: Aaron Beasley | B4: 98
A5: Aaron Buchanan | B5: 99
A6: Aaron Harris | B6: 91
A7: Aaron Johnson | B7: 74
A8: Aaron Wright | B8: 76
A9: Adam Snyder | B9: 86
A10: James Holt | B10: 83
A11: James Holt MD | B11: 78
A12: Zachary Rogers | B12: 98
A13: Zachary Vargas | B13: 63
A14: Grand Total | B14: 84.6

Sheet Sheet5
A3: Row Labels | B3: Count of Student_ID
A4: Absent | B4: 0.0796
A5: Late | B5: 0.0734
A6: Leave | B6: 0.028
A7: Present | B7: 0.819
A8: Grand Total | B8: 1

Sheet school_attendance_dashboard_dat
A1: Attendance_ID | B1: Attendance_Date | C1: Department | D1: Grade | E1: Section | F1: Student_Name | G1: Gender | H1: Student_ID | I1: Student_Final_Grades | J1: Attendance_Status | K1: Check_In_Time | L1: Attendance_Percentage | M1: Teacher_Name | N1: Remarks
A2: 1 | B2: 45724 | C2: Middle | D2: KG2 | E2: A | F2: Ryan Ramos | G2: Female | H2: M0001 | I2: =VLOOKUP(H2,'Final Exam marks'!A:B,2,0) -> 65 | J2: Present | K2: 0.32291667 | L2: 78 | M2: John Daniels | N2: Vacation
A3: 2 | B3: 45742 | C3: Middle | D3: G11 | E3: C | F3: Melissa Smith | G3: Female | H3: M0002 | I3: =VLOOKUP(H3,'Final Exam marks'!A:B,2,0) -> 55 | J3: Present | K3: 0.32291667 | L3: 77 | M3: Robert Matthews DVM | N3: Family Event
A4: 3 | B4: 45747 | C4: Junior | D4: G8 | E4: B | F4: John Dudley | G4: Male | H4: J0003 | I4: =VLOOKUP(H4,'Final Exam marks'!A:B,2,0) -> 60 | J4: Present | K4: 0.32291667 | L4: 77 | M4: Valerie Daniels | N4: Traffic
A5: 4 | B5: 45696 | C5: High | D5: G8 | E5: C | F5: Elizabeth Solis | G5: Male | H5: H0004 | I5: =VLOOKUP(H5,'Final Exam marks'!A:B,2,0) -> 48 | J5: Present | K5: 0.32291667 | L5: 81 | M5: Crystal Martinez | N5: None
A6: 5 | B6: 45744 | C6: Junior | D6: G4 | E6: A | F6: Cynthia White | G6: Male | H6: J0005 | I6: =VLOOKUP(H6,'Final Exam marks'!A:B,2,0) -> 71 | J6: Present | K6: 0.32291667 | L6: 79 | M6: Paula Kim | N6: Sick
A7: 6 | B7: 45685 | C7: Junior | D7: G11 | E7: A | F7: Kevin Mejia | G7: Female | H7: J0006 | I7: =VLOOKUP(H7,'Final Exam marks'!A:B,2,0) -> 72 | J7: Present | K7: 0.32291667 | L7: 98 | M7: Marissa Sanders | N7: Traffic
A8: 7 | B8: 45744 | C8: Kindergarten | D8: G8 | E8: B | F8: Kenneth Kennedy | G8: Male | H8: K0007 | I8: =VLOOKUP(H8,'Final Exam marks'!A:B,2,0) -> 68 | J8: Present | K8: 0.32291667 | L8: 73 | M8: Matthew Davis | N8: Sick
A9: 8 | B9: 45744 | C9: Junior | D9: G8 | E9: C | F9: Terry Villarreal | G9: Male | H9: J0008 | I9: =VLOOKUP(H9,'Final Exam marks'!A:B,2,0) -> 77 | J9: Present | K9: 0.32291667 | L9: 100 | M9: Christopher Clark | N9: Medical Appointment
A10: 9 | B10: 45681 | C10: High | D10: G5 | E10: B | F10: Monica Mueller | G10: Male | H10: H0009 | I10: =VLOOKUP(H10,'Final Exam marks'!A:B,2,0) -> 61 | J10: Present | K10: 0.32291667 | L10: 96 | M10: Benjamin Carrillo | N10: None
A11: 10 | B11: 45734 | C11: Kindergarten | D11: G7 | E11: A | F11: Kayla Horn | G11: Male | H11: K0010 | I11: =VLOOKUP(H11,'Final Exam marks'!A:B,2,0) -> 69 | J11: Present | K11: 0.32291667 | L11: 75 | M11: Emily Jones | N11: Traffic
A12: 11 | B12: 45707 | C12: Junior | D12: KG1 | E12: B | F12: Robin Merritt | G12: Male | H12: J0011 | I12: =VLOOKUP(H12,'Final Exam marks'!A:B,2,0) -> 62 | J12: Present | K12: 0.32291667 | L12: 90 | M12: Molly Walker | N12: Medical Appointment
A13: 12 | B13: 45737 | C13: Junior | D13: G3 | E13: A | F13: Megan Santos | G13: Male | H13: J0012 | I13: =VLOOKUP(H13,'Final Exam marks'!A:B,2,0) -> 82 | J13: Present | K13: 0.32291667 | L13: 84 | M13: Dana Johnson | N13: Vacation
... A5001: 5000 | B5001: 45694 | C5001: High | D5001: G4 | E5001: B | F5001: Lee Beck | G5001: Female | H5001: H5000 | I5001: =VLOOKUP(H5001,'Final Exam marks'!A:B,2,0) -> 52 | J5001: Present | K5001: 0.32291667 | L5001: 64 | M5001: Lacey Jackson | N5001: Traffic

Sheet Final Exam marks
A1: Student_ID | B1: Final Marks | C1: Grades
A2: M0001 | B2: =IF(LEFT(A2,1)="K", RANDBETWEEN(65,95), IF(LEFT(A2,1)="E", RANDBETWEEN(60,90), IF(LEFT(A2,1)="J", RANDBETWEEN(55,85), IF(LEFT(A2,1)="M", RANDBETWEEN(50,80), IF(LEFT(A2,1)="H", RANDBETWEEN(45,75), RANDBETWEEN(50,90)))))) -> 65 | C2: =IF(B2>=90, "A", IF(B2>=80, "B", IF(B2>=70, "C", IF(B2>=60, "D", IF(B2>=50, "E", "F"))))) -> D
A3: M0002 | B3: =IF(LEFT(A3,1)="K", RANDBETWEEN(65,95), IF(LEFT(A3,1)="E", RANDBETWEEN(60,90), IF(LEFT(A3,1)="J", RANDBETWEEN(55,85), IF(LEFT(A3,1)="M", RANDBETWEEN(50,80), IF(LEFT(A3,1)="H", RANDBETWEEN(45,75), RANDBETWEEN(50,90)))))) -> 55 | C3: =IF(B3>=90, "A", IF(B3>=80, "B", IF(B3>=70, "C", IF(B3>=60, "D", IF(B3>=50, "E", "F"))))) -> E
A4: J0003 | B4: =IF(LEFT(A4,1)="K", RANDBETWEEN(65,95), IF(LEFT(A4,1)="E", RANDBETWEEN(60,90), IF(LEFT(A4,1)="J", RANDBETWEEN(55,85), IF(LEFT(A4,1)="M", RANDBETWEEN(50,80), IF(LEFT(A4,1)="H", RANDBETWEEN(45,75), RANDBETWEEN(50,90)))))) -> 60 | C4: =IF(B4>=90, "A", IF(B4>=80, "B", IF(B4>=70, "C", IF(B4>=60, "D", IF(B4>=50, "E", "F"))))) -> D
A5: H0004 | B5: =IF(LEFT(A5,1)="K", RANDBETWEEN(65,95), IF(LEFT(A5,1)="E", RANDBETWEEN(60,90), IF(LEFT(A5,1)="J", RANDBETWEEN(55,85), IF(LEFT(A5,1)="M", RANDBETWEEN(50,80), IF(LEFT(A5,1)="H", RANDBETWEEN(45,75), RANDBETWEEN(50,90)))))) -> 48 | C5: =IF(B5>=90, "A", IF(B5>=80, "B", IF(B5>=70, "C", IF(B5>=60, "D", IF(B5>=50, "E", "F"))))) -> F
A6: J0005 | B6: =IF(LEFT(A6,1)="K", RANDBETWEEN(65,95), IF(LEFT(A6,1)="E", RANDBETWEEN(60,90), IF(LEFT(A6,1)="J", RANDBETWEEN(55,85), IF(LEFT(A6,1)="M", RANDBETWEEN(50,80), IF(LEFT(A6,1)="H", RANDBETWEEN(45,75), RANDBETWEEN(50,90)))))) -> 71 | C6: =IF(B6>=90, "A", IF(B6>=80, "B", IF(B6>=70, "C", IF(B6>=60, "D", IF(B6>=50, "E", "F"))))) -> C
A7: J0006 | B7: =IF(LEFT(A7,1)="K", RANDBETWEEN(65,95), IF(LEFT(A7,1)="E", RANDBETWEEN(60,90), IF(LEFT(A7,1)="J", RANDBETWEEN(55,85), IF(LEFT(A7,1)="M", RANDBETWEEN(50,80), IF(LEFT(A7,1)="H", RANDBETWEEN(45,75), RANDBETWEEN(50,90)))))) -> 72 | C7: =IF(B7>=90, "A", IF(B7>=80, "B", IF(B7>=70, "C", IF(B7>=60, "D", IF(B7>=50, "E", "F"))))) -> C
A8: K0007 | B8: =IF(LEFT(A8,1)="K", RANDBETWEEN(65,95), IF(LEFT(A8,1)="E", RANDBETWEEN(60,90), IF(LEFT(A8,1)="J", RANDBETWEEN(55,85), IF(LEFT(A8,1)="M", RANDBETWEEN(50,80), IF(LEFT(A8,1)="H", RANDBETWEEN(45,75), RANDBETWEEN(50,90)))))) -> 68 | C8: =IF(B8>=90, "A", IF(B8>=80, "B", IF(B8>=70, "C", IF(B8>=60, "D", IF(B8>=50, "E", "F"))))) -> D
A9: J0008 | B9: =IF(LEFT(A9,1)="K", RANDBETWEEN(65,95), IF(LEFT(A9,1)="E", RANDBETWEEN(60,90), IF(LEFT(A9,1)="J", RANDBETWEEN(55,85), IF(LEFT(A9,1)="M", RANDBETWEEN(50,80), IF(LEFT(A9,1)="H", RANDBETWEEN(45,75), RANDBETWEEN(50,90)))))) -> 77 | C9: =IF(B9>=90, "A", IF(B9>=80, "B", IF(B9>=70, "C", IF(B9>=60, "D", IF(B9>=50, "E", "F"))))) -> C
A10: H0009 | B10: =IF(LEFT(A10,1)="K", RANDBETWEEN(65,95), IF(LEFT(A10,1)="E", RANDBETWEEN(60,90), IF(LEFT(A10,1)="J", RANDBETWEEN(55,85), IF(LEFT(A10,1)="M", RANDBETWEEN(50,80), IF(LEFT(A10,1)="H", RANDBETWEEN(45,75), RANDBETWEEN(50,90)))))) -> 61 | C10: =IF(B10>=90, "A", IF(B10>=80, "B", IF(B10>=70, "C", IF(B10>=60, "D", IF(B10>=50, "E", "F"))))) -> D
A11: K0010 | B11: =IF(LEFT(A11,1)="K", RANDBETWEEN(65,95), IF(LEFT(A11,1)="E", RANDBETWEEN(60,90), IF(LEFT(A11,1)="J", RANDBETWEEN(55,85), IF(LEFT(A11,1)="M", RANDBETWEEN(50,80), IF(LEFT(A11,1)="H", RANDBETWEEN(45,75), RANDBETWEEN(50,90)))))) -> 69 | C11: =IF(B11>=90, "A", IF(B11>=80, "B", IF(B11>=70, "C", IF(B11>=60, "D", IF(B11>=50, "E", "F"))))) -> D
A12: J0011 | B12: =IF(LEFT(A12,1)="K", RANDBETWEEN(65,95), IF(LEFT(A12,1)="E", RANDBETWEEN(60,90), IF(LEFT(A12,1)="J", RANDBETWEEN(55,85), IF(LEFT(A12,1)="M", RANDBETWEEN(50,80), IF(LEFT(A12,1)="H", RANDBETWEEN(45,75), RANDBETWEEN(50,90)))))) -> 62 | C12: =IF(B12>=90, "A", IF(B12>=80, "B", IF(B12>=70, "C", IF(B12>=60, "D", IF(B12>=50, "E", "F"))))) -> D
A13: J0012 | B13: =IF(LEFT(A13,1)="K", RANDBETWEEN(65,95), IF(LEFT(A13,1)="E", RANDBETWEEN(60,90), IF(LEFT(A13,1)="J", RANDBETWEEN(55,85), IF(LEFT(A13,1)="M", RANDBETWEEN(50,80), IF(LEFT(A13,1)="H", RANDBETWEEN(45,75), RANDBETWEEN(50,90)))))) -> 82 | C13: =IF(B13>=90, "A", IF(B13>=80, "B", IF(B13>=70, "C", IF(B13>=60, "D", IF(B13>=50, "E", "F"))))) -> B
... A5001: H5000 | B5001: =IF(LEFT(A5001,1)="K", RANDBETWEEN(65,95), IF(LEFT(A5001,1)="E", RANDBETWEEN(60,90), IF(LEFT(A5001,1)="J", RANDBETWEEN(55,85), IF(LEFT(A5001,1)="M", RANDBETWEEN(50,80), IF(LEFT(A5001,1)="H", RANDBETWEEN(45,75), RANDBETWEEN(50,90)))))) -> 52 | C5001: =IF(B5001>=90, "A", IF(B5001>=80, "B", IF(B5001>=70, "C", IF(B5001>=60, "D", IF(B5001>=50, "E", "F"))))) -> E
